{
    "one_stream": 0.687263011932373,
    "multy_stream": 63.25666093826294,
    "multy_process": 0.5741264820098877
}